{"GA_Loss":[0.49081431300207595,0.6543117685653995,0.6412612286911554,0.6282959694693471,0.592780839568046,0.5976651900823506,0.5916634789672213,0.6511784949670846,0.6206874905944407,0.6227960382801839,0.621618995602163,0.5553305039497866,0.5782953604072824,0.5675098438715113,0.575671875159601,0.5917470265721632,0.6163511818674193,0.6022057645190423,0.6046827447780784,0.5904089815389627,0.5972166253753688,0.5962925287692443,0.5986559164264927,0.5940816381435166,0.6256033342102657,0.6023209860612606,0.6458386710245927,0.610646825568608,0.6435398054846759,0.5956571173073648,0.6012046260946337,0.6353614189769553,0.6275565134084922,0.6143899867380934,0.6781257532838582,0.6428560054954561,0.6439061315878221,0.6205700052821118,0.631660934688448,0.6331614922994616,0.6550603020584387,0.6791874052791939,0.6663080413101138,0.6454882122453364,0.6616539339097901,0.6666970828930656,0.6719046436819894,0.6589175348115647,0.6659494621464159,0.654802728919075,0.9460593034615223,0.9177945622395183,0.9339825030433005,0.946605652280297,0.9154071779935614,0.8988627304827077,0.9073768727023384,0.8737662144820729,0.9250219535121674,0.9248302308605171,0.9161442083933543,0.9224219068192292,0.9328367792103422,0.9098790447036366,0.9106957004300836,1.0167374522655621,0.9259495430443062,0.9516342965246498,0.8780693858191706,0.9813370340499563,0.933273937972053,0.9161081191437177,0.9121552696828542,0.9548701489123627,0.9549617638875698,0.947964594751105,0.9248514176196959,0.9204374890009324,0.933327611865311,0.9102241055316653,0.9445559335746865,0.9599488114845985],"GB_Loss":[0.5030646460435201,0.6335708127319366,0.6619910836957027,0.6975482678127432,0.7573181112622214,0.7483779916028748,0.7227156233081574,0.7764818584253227,0.6586113933814519,0.7205389249047776,0.6445650274249567,0.6525416172024371,0.6822701694033314,0.560692168593496,0.5967102848674761,0.54514112144798,0.48193710546443486,0.4360570195151948,0.5221020215075055,0.47415120642760705,0.4829521945927633,0.50250309695681,0.5161822284425216,0.48593886718265655,0.4905672976928672,0.4918993738503649,0.4863317672168833,0.4901044434313474,0.48632153129202316,0.5021658931849063,0.49076277211956354,0.4881543162512011,0.5105920738388394,0.5166231602586727,0.5001031282445838,0.5003099513800069,0.5147904981558827,0.4873255466905491,0.4901015543151295,0.5103516661669539,0.5203420213707115,0.5279981224075786,0.49304892342800144,0.5345421050978207,0.506649634213015,0.5298407042826312,0.5075999354829137,0.5194262327819035,0.5171315251909632,0.5286725187699298,0.6925707588969231,0.735009032635317,0.6627597985775217,0.7830701355991335,0.6465100078233357,0.6739032990459738,0.6655737455414867,0.6872906221643739,0.7041810707844001,0.722267808412192,0.6665074548822293,0.6933485988242694,0.6978312101008474,0.6713734522484232,0.680063920466975,0.7320613232532005,0.6830098747291129,0.6689526191402947,0.6759172449058768,0.6913172456434463,0.675861178002302,0.6948305036721827,0.7039645719139472,0.7276262348291577,0.7651985408528813,0.7078074783958059,0.6984751404024314,0.7000237862611639,0.7209723685802459,0.6985449847923048,0.7224172386361741,0.7120874010059965],"DA_Loss":[0.171647477765865,0.10887838874676864,0.10247308628862609,0.10156378991998917,0.08399056195179518,0.09275918643337966,0.09519689800324214,0.08085240122046729,0.10949989847386482,0.1004426544762567,0.11216734769311489,0.11836175317177898,0.10228409459660838,0.13867568222574075,0.13011814895151616,0.1419683694001706,0.17051099858915564,0.18778266913272898,0.15057958029992488,0.1666168942174845,0.16019110811030915,0.157530481605253,0.1522931647424152,0.16366905558887854,0.16400657237732205,0.1653230885697202,0.16507518663304277,0.1608282943860791,0.16764863975753805,0.16052404075101398,0.16807860583820936,0.1601723503290691,0.15852678230386982,0.14980426911862268,0.16270060263953914,0.15785073879072958,0.15365193252531306,0.16614909589044874,0.16016011833209082,0.15558376421836362,0.1541831623651143,0.15387054503025457,0.1637983937710077,0.15052555066029327,0.15224890827412146,0.15062478710541213,0.15805662103203955,0.15240803825204027,0.15443780603490467,0.14462439691008389,0.15723818808101464,0.14760960583649074,0.16674412594273172,0.13008462759628445,0.16465450927190695,0.16263136311086535,0.1667127406246949,0.16070641154867374,0.15636698002724544,0.14673933105730358,0.1648478132087564,0.15672223507936323,0.1546481100554722,0.1643290473120301,0.1596121844595418,0.14568516554979738,0.1610278802732916,0.15888102292578885,0.1594613669380808,0.15417802324057786,0.16355351118909858,0.15459052204661283,0.15479760205183274,0.1451753879460259,0.13934975724131138,0.15616769468163264,0.15172643772978475,0.14763493081861953,0.14237722994081084,0.15209946006179034,0.14988005843091717,0.15075146886792362],"DB_Loss":[0.1709405065889748,0.10451802657218999,0.10804683319991105,0.11448281898855817,0.11861899187941959,0.11712710904529963,0.11906571442546181,0.10146905702952089,0.11308782697254527,0.1088516060646897,0.11373933069540587,0.13343223667671456,0.12912025281425002,0.13287384747569428,0.12977352818247975,0.12121823607878326,0.11574768676105579,0.11910220626493807,0.11980854510434386,0.11706292109823656,0.12201716074080526,0.11762948784274865,0.12001264611408505,0.12136455763772275,0.11675578185232884,0.11856396734432459,0.10891267118470763,0.11897595083017064,0.1041614208995285,0.12323044534357938,0.11864332038601316,0.10737087157823011,0.10758189937501944,0.110538091152387,0.1015892770047812,0.10687238900298099,0.10756101660591702,0.11443888071946788,0.11026320237850679,0.11258384602554869,0.10367209173168573,0.09778436981776878,0.10238721180913866,0.10718750823680116,0.10341802505201017,0.10017180380273911,0.10137675641135298,0.10348708016973832,0.103406140994423,0.1004308753498904,0.09937472902381489,0.09823497819773241,0.09869678672982556,0.09659852600074198,0.10037312220982408,0.10872204462694621,0.10569699655892258,0.11250670027473698,0.10133331403592839,0.10096836654676021,0.09914342957413358,0.1020056989684148,0.10010177154803294,0.10083917694653606,0.10560945328412301,0.0887591606918848,0.0971121061167427,0.09470858737757232,0.10887807940211108,0.08727762200838203,0.09929388878249872,0.103892837192045,0.10259391001538783,0.09610278699306193,0.09463012780026551,0.09454423106503093,0.09849965417962885,0.10363975071419461,0.10016358718331875,0.10529013013472778,0.10077174129893074,0.09052142961407318],"PSNR_avg":[12.401273770118827,12.968552681937146,12.625186653279547,13.177733837668576,12.887909963949403,13.00323446473079,13.526275560037414,12.819591646763817,13.740840442145048,13.388957012945147,13.746739234497298,13.73699634822447,13.576425068414034,13.273679334725907,13.27577203067381,13.41676225235213,13.653107493671019,13.396037763624049,14.010048371642384,13.34659059012114,13.120431049546198,13.185986782187847,13.02339323598947,13.447998174980505,13.445641926865079,13.485016723177326,13.756712265868686,12.50516258780636,13.701324925493838,13.361355710385451,14.099495631545338,13.732856572563968,13.534966906504845,13.072891174857297,14.090048960785367,13.342017351691403,13.281296399102283,13.257389346165443,13.264438301769655,13.636843734712743,13.762855604513367,14.31039309501648,13.49892789926102,13.004456281661987,13.128668507533288,13.24726932440231,12.716434186963893,13.713189865226177,13.909577526263337,13.437576436284763,13.848954677581787,13.225563013731543,13.107197291815458,13.598671386491008,12.80165404348231,13.541065977580512,13.36102087817975,12.868184043400323,13.822142380387035,13.29159535934676,13.664923425930649,12.815081486061437,13.983752485531479,13.742586459686507,13.25555235592287,13.147656575957342,13.525323558209548,12.801565636449785,13.156781719691718,13.308162529077103,13.078328271410358,13.650148544738542,13.93080455865433,13.182241674679428,12.959306852141424,12.446249040205087,13.961608274659113,13.158177607095064,13.165707431622405,13.390094550687875,13.06017703440652,13.228261143413942],