{"GA_Loss":[1.4763635974237765,1.2957196178464876,1.2378337981103957,1.2142273697895982,1.2273745153439992,1.1955205777595783,1.167637493210039,1.1277904061005748,1.1325623724146046,1.1160796377612376,1.1009165327856387,1.0828267503892821,1.04634868303339,1.0531015067711762,1.0326184682224109,1.0227518089707646,1.0168633758574948,1.0057595925799374,1.0025071286368763,0.9983549895047069,0.9885573595360122,0.9929342381153508,0.9916450784302901,0.9915613507044905,0.9644293252049179,0.9859117916945753,0.9725449673239438,0.9663797003039714,0.9589892741532876,0.9637254186119811,0.9688286334946417,0.9467078262808798,0.9557293694594811,0.9426185704510788,0.9560265704609644,0.9610958169514628,0.9420463242184097,0.9425968643964856,0.9504586263396393,0.9490626188947343,0.9414812505155846,0.9311523628735292,0.9381730473827923,0.9467539798909578,0.9297881365894735,0.9465268490196526,0.9359582029897412,0.9461235550121925,0.9249210058302357,0.9150425022777946,0.9256035868731932,0.9168402099984697,0.9083921119816478,0.9121349346691343,0.9124229156273952,0.921305680650285,0.9304370333229762,0.9042884933090639,0.9184456972972207,0.9084308069685231,0.9226307263974843,0.8960445916456082,0.9322671102530238,0.9082238382395954,0.9093414053566631,0.9144675001569059,0.8909821838274531,0.8822471854658142,0.9062209102524811,0.8974517795635664,0.9077084363400489,0.8950634256027628,0.9039389475442837,0.8989598387363611,0.9023743705681596,0.8931286277799592,0.8950561048655674,0.8788496975241036,0.90481823329804,0.8880430302698573,0.894579264490322,0.8790544243766808,0.9035908175908822,0.9046334994697142,0.8978551138734174,0.9109056924415314,0.8942172307035198,0.873581593272568,0.9074247995505984,0.8986231904515977,0.8878436091242881,0.8922517824208719,0.9003582855035877,0.8872749157127054,0.8948514656773929,0.8930449419650717,0.8808218312674555,0.888488159365561,0.8755345975441197,0.8698853843662514,0.8659525810778588,0.8641674739310051,0.8685295021962905,0.8717054918609459,0.8632012433197902,0.861658535752518,0.864248473247488,0.8547245190329459,0.8516597300544493],"GB_Loss":[1.5517525165334813,1.3212387312477318,1.2465328750224307,1.205628833581304,1.2126680429371401,1.184393171427668,1.1291592517892817,1.1171533773685325,1.0734180046700645,1.0413651970372921,1.018140034965132,1.0152475590827403,1.0004846112302754,0.9931866195069617,0.9622848234523361,0.956609483065455,0.9671377406038087,0.938574970349379,0.9372012505288245,0.9301163459914378,0.9209851686028705,0.9233284787438263,0.8942307509493077,0.909817414483924,0.9123080932218274,0.8888791500628441,0.8966436237767004,0.8902475955872343,0.8775602807437463,0.8833910668271593,0.8772898475001419,0.8632122631194531,0.8598480802783366,0.863889219566085,0.8690152481041927,0.8431665023853039,0.8620367958538536,0.8523299999233486,0.8586429125186743,0.8466613259630046,0.8429293625805153,0.8465356328587482,0.8574035956763078,0.850350010743563,0.8381273761235256,0.8485015874681087,0.8428770096405692,0.8406655723633973,0.8505100130230591,0.8240393699109108,0.8336908254755669,0.8226832985163093,0.8341815343861101,0.8232188075557463,0.8440131649173896,0.8556446619834499,0.8577839103506423,0.8278667526892101,0.8359760175580564,0.8263771978096626,0.8307162275289309,0.8135514680681557,0.8245662986070499,0.8315103683603936,0.817051985006461,0.8279405384585596,0.8234729629674594,0.8146109859357173,0.8111876062099366,0.8108133228643724,0.8221240836283614,0.8209404674605808,0.8256975591986969,0.8316951225633207,0.8166903527244099,0.8153627613584499,0.8173463156913174,0.8139817103006314,0.8234357032282599,0.8133857663961007,0.8279928063256093,0.8050291412684514,0.8279925881922692,0.8071404383189674,0.817368014999058,0.8266296009163091,0.8109431587595275,0.8263462845800162,0.8264654091094388,0.8257378255320096,0.8163362803577126,0.8126990619985417,0.8241918899308796,0.8375757104721384,0.843395267558777,0.8385803057872194,0.8318209898346725,0.8242513779578716,0.8241182242197611,0.8231044261083789,0.8264766679532167,0.8178187804422279,0.8210569630855921,0.8207264627027011,0.8173872909803261,0.8145539609120525,0.8111953473520065,0.825301661439564,0.8106986807025355],"DA_Loss":[0.2305964016881974,0.21050851344168633,0.2080354392333054,0.20072881558510675,0.16361831417139702,0.16441660193863256,0.16402182803730825,0.17500394353199042,0.17661180934342352,0.1823744600809094,0.17932047593376615,0.1758973723098725,0.17446523476838843,0.17314242670798433,0.17631894860324496,0.17940738517302332,0.1749550001709715,0.17648804725763545,0.17797413357495814,0.1780956047789558,0.17629733703740086,0.17405691692491118,0.18088992577565574,0.17672969662407037,0.17731265275637204,0.17358922931495524,0.1750042373970754,0.17424269779019805,0.17659147326294136,0.17707461493461207,0.17319947221446252,0.17206634591561162,0.17274581224726013,0.17349229871282826,0.16865772758422048,0.1686212852641918,0.16753283148209774,0.17006153827239906,0.16474291207017502,0.16417496087590883,0.16581540987331203,0.16407848572054098,0.16112102442902737,0.1575659333122266,0.16144636891938668,0.15752223346834776,0.1589432858863379,0.15626737609159375,0.15378722547367774,0.15309192159393248,0.15495739084273308,0.1499563869189421,0.1533937777268297,0.14897405808774764,0.1439045068690612,0.14066443403392495,0.1467245008525574,0.15411601310827652,0.14966028747937712,0.15357194938089536,0.15390299434104804,0.15230791951422168,0.15186767976429463,0.15253752994880282,0.1522942075346676,0.15140978396050575,0.1501498016273265,0.15232706228005832,0.15115278920597178,0.15012673748101385,0.14841267630608676,0.14713844362607245,0.14800610661686775,0.14385843629993475,0.14677391369649764,0.14394659051082392,0.1425814906685338,0.14425806686941206,0.14313853602867568,0.14095136768713795,0.14186116013357575,0.14076834043412506,0.1356194292389225,0.13805556823422704,0.13575468604094063,0.13436303703977295,0.13776603342429072,0.13718931423919065,0.1347088164327362,0.13449649950224107,0.13653823448766744,0.1293379917169741,0.13682627608103196,0.13227955884170317,0.10853434106924277,0.11238240068596879,0.1145351895269403,0.11306813211254273,0.11534800476253569,0.11565819817191657,0.11552457025517589,0.11567389042740842,0.11455243345310931,0.11547860181213229,0.11604528778373659,0.1180657404523784,0.11584860697385857,0.115739687492532,0.11793099698852161],