{"GA_Loss":[0.4119545018527566,0.40227881587617764,0.4334245446493955,0.5354888271025526,0.38568612895603105,0.40011332054448323,0.5806318048539201,0.6272730298158599,0.5392263603343712,0.5075725042844207,0.4313180961138834,0.3967158385166308,0.40848463827032383,0.37002732006878386,0.39046001830478994,0.38456283693875726,0.4342019549472545,0.37345921261523796,0.3861203311904659,0.4031592282943609,0.40367837076991553,0.5601217893686721,0.4058827507180896,0.37226964466697804,0.43468738664093054,0.4803678672972733,0.4542762093548852,0.38422251954311276,0.5015047308996441,0.4805713159887771,0.41154127640695104,0.37414895197361464,0.4127711487858276,0.3896022446150702,0.3842594703886567,0.3956949082937667,0.4636528733178852,0.3822434370171248,0.40592105228726455,0.4200483832417465,0.38128100036363294,0.42647979805866876,0.4256795829631449,0.4824888908645002,0.4322121624176095,0.40933121816535306,0.38771260510372924,0.3759276933786346,0.38974223178092054,0.41226121653628545,0.38895854722193585,0.4007087932490721,0.4386348439547105,0.4011453833279571,0.57259060656879,0.5460798010714655,0.5193016429681604,0.6115300070706422,0.6521034757780835,1.4441281630740903,0.777813001255679,0.5496452158422974,0.5859524829722033,0.5963364840523014,0.5593484223070668,0.5164572275811579,0.5115463802606109,0.7170221524388809,0.6167760028587124,0.5352569492791242,0.626892912072864,0.5759582659941379,0.5568040575196104,0.5437645725239583,0.626302703585082,0.5879343549773945,0.5102221083350298,0.5471000679261316,0.777222282354667,0.5261059556489552,0.585560187909419,0.5923663392178411,0.5484315124832517,0.5966426218428262,0.5860021183948692,0.5242354039375375,0.5467742465497032,0.7014526379786856,0.7066912829875946,0.5577146726168268,0.5885713132537478],"GB_Loss":[0.44147603567538224,0.4116557418088603,0.4242221424250099,0.4271284781820406,0.42182333773471475,0.41727285282156334,0.4342570812963858,0.4722017117510966,0.5314832475611834,0.602853716619131,0.6251060886475129,0.6075527980681358,0.6286604682241029,0.42933197804703943,0.40289874363963196,0.42951682478916353,0.5074305812820671,0.5956436957649099,0.536553374986823,0.5550720264635435,0.38258653340058596,0.3903969598979485,0.5030275934353108,0.5334878351569661,0.5086570560326421,0.5117613742748897,0.46989836025286497,0.4742255440935856,0.487083315086074,0.496741334839565,0.46516854972616445,0.44054568000440675,0.478887050047638,0.4635274862007397,0.3950206845029583,0.46201879622005837,0.4743516993110742,0.4925124902308472,0.43756989111018374,0.48654589282303323,0.4616911030154887,0.4457881162079369,0.4676126697441427,0.4426676262563806,0.47598669381161046,0.44837489656316554,0.46993162287323453,0.45190815814142304,0.4085725093941863,0.42298045313455224,0.47440186077501717,0.44724252817592003,0.4769841728898568,0.4518127125332026,0.6690867768070562,0.6174634327067108,0.5970512005614071,0.665617600240843,0.6441190524617346,0.5569804535890982,0.602645174928797,0.6092345093687376,0.6439881978662518,0.581947281787066,0.6051397224873062,0.6013300856317931,0.5979316326479117,0.5619557485287267,0.5949796628055534,0.6721183111754859,0.5767641931227068,0.6241433090674199,0.6034437052057526,0.6131507296751185,0.6242401066894938,0.6127127897812099,0.6393637411114647,0.6176755081831924,0.6745776113092414,0.5727706333486046,0.6648854963057409,0.6302879972307662,0.6764434492684961,0.6730305478824833,0.6558497923115889,0.658888674073103,0.6303706692486275,0.5932717042119522,0.6276316324021758,0.6353249526726521,0.6530901476619689],"DA_Loss":[0.21623267536240864,0.21739384736714323,0.21381481338322647,0.2119209948291139,0.2120853448665239,0.2110944076948534,0.2051635651690204,0.175286567850205,0.1480771478545678,0.12944281535844007,0.12023138611812174,0.12658563180167864,0.11881359225987055,0.19364173318433567,0.20490116957968812,0.19235773016887953,0.16471144640288218,0.12825403494184942,0.14805876690273484,0.1456411343938633,0.2090195717062892,0.21116913093057105,0.16554188239956047,0.1536678415140122,0.16893578783525684,0.15964169120340327,0.17091818392973362,0.17455513839897646,0.16637155971512563,0.16035631046880308,0.17533011301837073,0.18796120025671836,0.1705876872806651,0.17596518683239695,0.2083048593404332,0.17850527458831789,0.1714114047556631,0.16639495369433085,0.18400503736352775,0.16720422756805167,0.18096948797867551,0.18264680269923877,0.17459938319142515,0.190230954894266,0.1744032172963205,0.18326082275953234,0.17223010627416577,0.18096273609898925,0.20647737176679984,0.19479000107423078,0.17038375094336103,0.18223506481788024,0.1707963486900553,0.18643807676749502,0.17093934924909618,0.18166007030664422,0.1956626147092358,0.16471378583370186,0.1751593878659291,0.20113707432841382,0.19006863823084813,0.1908105475623615,0.18276563323277042,0.19197009282746935,0.18615723593932826,0.18999856347293873,0.18605397637721485,0.19815819146853636,0.18824417832027363,0.16971333303405503,0.1974688343643173,0.17728142863843682,0.1876408502096083,0.18042155479088548,0.18297799441933146,0.1798125983647457,0.17941937555324255,0.187675594511192,0.1618397097292591,0.1977006438544126,0.17211226411996697,0.18177227975452334,0.16105703570524124,0.17524064558035718,0.16823153343445402,0.17014936298677108,0.17944982647214358,0.18565179583866423,0.1798244585972128,0.18761724175173577,0.18597181168028978],"DB_Loss":[0.22300295594140765,0.21901571063733682,0.20126518791284018,0.15730387611405516,0.22035896407394875,0.2048065967403534,0.1376694185227701,0.12022330314450996,0.14207861333691735,0.16309605004356764,0.18367062659282996,0.20630975345649372,0.20578718094261197,0.22301853566877242,0.20998595909374515,0.2164363843093558,0.19411159840571443,0.22103580894266686,0.21343545388521218,0.20819803189213684,0.20652400935447313,0.14315948598995443,0.20051002203736726,0.21311712808967606,0.19429426242150669,0.17080225427218568,0.18413278908294634,0.21827186995405493,0.15535172767505595,0.16736352981287775,0.19784059659312897,0.21479931021245516,0.19951190127710985,0.21141217179081548,0.21035696817486266,0.20606871466871685,0.18106378641327828,0.2127029981343,0.20483686929432357,0.20506947283761773,0.21107663222687031,0.19715845264206694,0.20124912976128298,0.16904545336416582,0.19919335840012484,0.20412126681426676,0.21479553459742204,0.20980643383492298,0.2109271647726617,0.20440118821201528,0.21320245614260191,0.20547929570926884,0.18960763042777534,0.2068408100282758,0.1986755798953184,0.2096932644917955,0.21840701670181462,0.19554984635726466,0.18353646708031496,0.019049576175497556,0.13772519477756648,0.20746810272699448,0.1990909254950721,0.19658660006186948,0.20249117046473472,0.21686932642043122,0.21848922977602578,0.1667077613555319,0.18438422429125484,0.21380574841324876,0.1887722545644132,0.18890519095811903,0.20540635195386603,0.20665935540980682,0.17753402357239548,0.19388100140182893,0.21510206270145207,0.20813791313609942,0.1471230193185128,0.20957347609526744,0.1924122263260973,0.19844817721807376,0.2040635492561794,0.1881053664153669,0.20469598434335454,0.20885258431478246,0.20290790922879204,0.16771461890964973,0.16504495547009193,0.21058383245414836,0.21007539358868346],