{"GA_Loss":[1.4859545746469884,1.2842487067711064,1.1843605358426164,1.1074291647934331,1.0809775783763669,1.0466675730255561,1.0092874788656467,1.0180772069023876,1.0465161598310238,1.01291360985942,0.9592591955409786,0.9707607723833099,0.9334896901274116,0.9213766404768315,0.9160948217399721,0.9086938881777167,0.9141519191303873,0.891316407095126,0.8961218756873434,0.8686632574573765,2.011769236200224,1.698401085244931,1.5409924003166882,1.4814909148991593,1.4276144835037914,1.346385147610331,1.2855675184629798,1.2401549024310539,1.1836156072655344,1.1461281784181672,1.1184106133817657,1.0795371693324267,1.068845513584168,1.0665326156267305,1.0751732088201413,1.038854137959519,1.0165092066536106,1.0039444616655024,1.0219678850677925,0.9972973289043923,1.000506504182893,1.0086561573230155,1.0259769258460378,1.0731966543003795,1.0752983037049209,1.070424964175961,0.9580449976087586,0.9550347342723753,1.012841731649104,0.996044388631495,0.9657841841379802,0.9361400333361897,0.9155207612650181,0.8929962390806617,0.8988692346142559,0.8892493952580584,0.8947112449300968,0.8938028736327722,0.889771426063243,0.872047679162607,0.8667424286284098,0.8630758338827428,0.8689308343379478,0.8599595601965742,0.8801093708208906,0.8554365806463288,0.8525095672626806,0.8530074072562582,0.8475967565687691,0.8449725252341449,0.8674960438313523,0.8671559595964788,0.853612950419992,0.8347752861375731,0.8447587722200688,0.8472263116177504,0.8416137182615637,0.8432015287682293,0.8492010966549075,0.8461245749054885,0.836515536492433,0.8479613622998804,0.8611844614269287,0.8367890748066631,0.8404968115372387,0.830496806875477,0.8226357876769895,0.8400053241873175,0.8422623653722003,0.8356773893523023,0.8417320863502782,0.8409642942068053,0.8427013387524984,0.8253673655715416,0.842187881857399,0.8281563472457049,0.8234988302719303,0.8132113541529431,0.819778375800063,0.8229141476677685,0.8250858024853032,0.8185071030283362,0.8245879137903694,0.8210472581347799,0.8105239933099204,0.8214328991203773,0.8166562225760483,0.8129842417996104,0.8082965415183122,0.8169902351813588,0.8146187920395921,0.8164326161388459,0.8144320538373497,0.8078474393220452],"GB_Loss":[1.4832871085259973,1.2797616992539507,1.1747545612536794,1.1445477941171909,1.0935365525687613,1.0822063688340227,1.0514037088650028,1.03976014377625,1.036389911174774,1.0145076511352042,0.9886050038221406,0.9780820692942395,0.9599980316995606,0.9171617102816823,0.9290516761744895,0.8913337972590594,0.8986766217200737,0.8803131034219168,0.8788676769268222,0.8780526525121394,2.008041679374571,1.6695982773129534,1.5492608885454937,1.4591341908385114,1.4135082976604865,1.356924265090043,1.283038165801909,1.2214012580189277,1.1645714023248936,1.1282375461686918,1.115283402388658,1.0623775976460155,1.039361971762122,1.04739918980172,1.0476669337691331,1.043784254353221,1.008618431071925,0.9943807890744714,0.9983092629812598,0.9853093427855794,0.9533732028026891,0.9649688590832842,0.9598705677966761,0.9602262954401776,0.9650521397106047,0.9713628971964363,0.9397789980337872,0.9288233587896921,0.9541904111218646,0.9274460778003786,0.9279085964206758,0.960186675942041,0.9268091346674818,0.9460662150770668,0.9362834726407276,0.9371217399108701,0.9186342414317092,0.9256015373439324,0.942338075191994,0.8858771863022471,0.8493994369739439,0.8366118493118906,0.8558538777556846,0.8257374859922301,0.8493558576436546,0.85242131177972,0.8362615529599229,0.847870395193255,0.8456508647620193,0.8384347293435074,0.8550666402510512,0.8678691771456866,0.8444855685641126,0.8212796233049253,0.8267618069803812,0.841438282892956,0.8341773082570332,0.8364118697197457,0.8253453585190501,0.8346811071643985,0.8202641250156775,0.8254846747328596,0.8403010207947677,0.8160032524810574,0.8201100329558054,0.8240276457817574,0.8173928538473642,0.8362149954326754,0.8370098936848525,0.8229644470583133,0.8260919246731735,0.8401198345471204,0.8279326656484992,0.8324566371072598,0.836165293348514,0.8279818790714916,0.8204601979352595,0.8151301774552198,0.8043169669504088,0.8032641131218856,0.8078370080246189,0.8132784399075237,0.821532451428049,0.8117698300175551,0.7927484323338765,0.809079580093787,0.8019632472739956,0.8051677678658711,0.8051952410035017,0.8000213774239144,0.7909947215541592,0.7965695023536682,0.7991265359448223,0.7954430569962757],"DA_Loss":[0.22766412105259856,0.20727688701959646,0.2037611684466644,0.20960421252965442,0.20323447967932476,0.18940756731189606,0.19844729633532404,0.18793607875401896,0.17654852295915285,0.1766527807476317,0.17415307574277003,0.18010211474133458,0.17438728250563146,0.18442172672205825,0.18512705509982458,0.19054745822024297,0.1819134957891533,0.19454286243403104,0.19203347053106237,0.19141940270376398,0.04113088424939367,0.06625707161374299,0.08383689268068145,0.09972884502201303,0.09897911447153343,0.1082630650867231,0.11972019744930955,0.14410739564450412,0.15678514853494652,0.1677176929253146,0.1729011907310384,0.182500220726176,0.17868560618319648,0.18467406042041332,0.1797965800344217,0.17279508498050575,0.18596606147664835,0.18154616918021102,0.18361727595329286,0.1864159472074693,0.18080357512444015,0.18515367388301263,0.18115956658209728,0.17149985788496044,0.16597635542398426,0.164999555039212,0.16671445959103787,0.1718856727916414,0.1634101712409922,0.16531962872581268,0.16377987243590983,0.1465587796514657,0.1507582564406642,0.15247482479799812,0.146788074936324,0.15128517059336713,0.1502935465394966,0.14866223702343498,0.1395452674357145,0.16381485059372777,0.18171393846169234,0.17765797593032684,0.18058301331551094,0.1787207898539983,0.1757822070073912,0.17528891936247426,0.17818358506916498,0.18273084099154646,0.17917549012274278,0.1712248154226842,0.16859126924953569,0.16370034362908786,0.1679783477500929,0.16996543408348794,0.16726952573526802,0.16967389212270093,0.16864702586478333,0.16879670456718138,0.16270508374564532,0.1704570880598896,0.16989581392608522,0.16315694939708564,0.15893275661893735,0.1655543578016322,0.16405589773917828,0.1666352446319732,0.1650091906570322,0.16104423594396047,0.16383180726107544,0.15654687590866798,0.1558880224869382,0.15894748817190407,0.16210032479186368,0.15576293585079956,0.13531381844929077,0.13827888611249808,0.14087406110048778,0.14208991063107562,0.14274255086978277,0.14728716444375553,0.1428216697693598,0.14321030590955805,0.1404967553641011,0.14262025686420077,0.14676539726494772,0.14300522200339208,0.1445030334549464,0.14552105225138062,0.14294625201784983,0.14368105928103128,0.14644892590377873,0.14367369711399078,0.14448266711419191,0.1457919617615095],